Area_Feel,Associate_Degree,Bachelor_Degree,Children_percent,City,Cost_of_Living,Crime_Safty,Diversity,Jobs_Level,Master_Degree,Median_Home_Value,Median_Rent,Median_salary,NightLife,Numberof_reviews,Outdoor_Activity,Population,PublicSchool_level,Review_ratings,State,Weather
Suburban,26%,34%,19%,Plano,B-,B-,A+,A+,22%,"$248,800","$1,196","$85,085",A-,594 reviews,B-,"279,088",A+,"review__stars__icon review__stars__icon--white--40,review__stars__number__reviews",City in Texas,B+
Suburban,32%,13%,24%,Odessa,B+,C-,A,A+,5%,"$124,600",$974,"$60,619",A-,199 reviews,B+,"114,258",C,"review__stars__icon review__stars__icon--white--30,review__stars__number__reviews",City in Texas,A
Suburban,39%,17%,24%,Clarksville,B+,C,A,B,8%,"$140,000",$895,"$48,675",A-,349 reviews,B-,"146,281",A-,"review__stars__icon review__stars__icon--white--35,review__stars__number__reviews",City in Tennessee,B-
Suburban,31%,17%,20%,Topeka,A-,C,A,B,10%,"$99,400",$724,"$43,740",A-,249 reviews,B+,"127,472",B+,"review__stars__icon review__stars__icon--white--35,review__stars__number__reviews",City in Kansas,B
Suburban,31%,15%,20%,Abilene,B+,C,A,B+,7%,"$101,500",$816,"$44,108",A-,288 reviews,C-,"122,612",B+,"review__stars__icon review__stars__icon--white--35,review__stars__number__reviews",City in Texas,A
Suburban,28%,24%,18%,Lexington,B,C,A-,A-,18%,"$170,800",$793,"$50,661",A-,565 reviews,B+,"311,529",B+,"review__stars__icon review__stars__icon--white--35,review__stars__number__reviews",City in Kentucky,B-
Suburban,26%,32%,19%,Raleigh,B,C+,A+,A-,17%,"$218,200",$966,"$58,641",A-,770 reviews,A-,"441,326",A,"review__stars__icon review__stars__icon--white--40,review__stars__number__reviews",City in North Carolina,B
Suburban,32%,16%,19%,Wichita Falls,A-,C+,A,B+,8%,"$94,300",$747,"$43,997",A-,212 reviews,C,"105,013",B,"review__stars__icon review__stars__icon--white--35,review__stars__number__reviews",City in Texas,A-
Suburban,32%,18%,20%,Davenport,A-,C,A-,B,9%,"$122,700",$715,"$48,191",A-,180 reviews,A-,"102,305",C+,"review__stars__icon review__stars__icon--white--35,review__stars__number__reviews",City in Iowa,B-
Suburban,33%,26%,13%,Tempe,C+,C+,A,B,17%,"$219,900",$985,"$50,474",A,664 reviews,A-,"174,708",A-,"review__stars__icon review__stars__icon--white--40,review__stars__number__reviews",City in Arizona,A+
Suburban,28%,16%,23%,Elgin,B-,B-,A+,B,8%,"$166,500",$991,"$60,375",B+,256 reviews,A,"111,919",B+,"review__stars__icon review__stars__icon--white--35,review__stars__number__reviews",City in Illinois,C+
Suburban,40%,21%,23%,Temecula,C-,B-,A,B,11%,"$360,500","$1,629","$83,840",B+,320 reviews,A,"108,965",A,"review__stars__icon review__stars__icon--white--40,review__stars__number__reviews",City in California,A
Suburban,38%,17%,19%,Vancouver,C+,C+,A-,B,9%,"$217,200",$986,"$52,004",B+,198 reviews,A,"169,982",C+,"review__stars__icon review__stars__icon--white--40,review__stars__number__reviews",City in Washington,B
Urban,17%,23%,15%,"Washington, D.C.",C,C-,A+,C+,32%,"$506,100","$1,362","$72,935",A,340 reviews,A,"659,009",B,"review__stars__icon review__stars__icon--white--40,review__stars__number__reviews",City in District of Columbia,B
Suburban,29%,8%,25%,San Bernardino,C,C-,A,C-,3%,"$176,800",$947,"$38,456",A-,84 reviews,A,"214,581",C,"review__stars__icon review__stars__icon--white--35,review__stars__number__reviews",City in California,A+
Urban,26%,11%,20%,Bridgeport,C-,C-,A+,C-,7%,"$168,200","$1,111","$43,137",A-,335 reviews,A,"147,022",C-,"review__stars__icon review__stars__icon--white--30,review__stars__number__reviews",City in Connecticut,B-
Urban,23%,21%,16%,San Juan,B-,NG,C,D-,13%,"$161,000",$467,"$21,326",D-,159 reviews,B-,"350,402",NG,"review__stars__icon review__stars__icon--white--35,review__stars__number__reviews",City in Puerto Rico,A+
Suburban,21%,20%,18%,Ponce,B,NG,C,D-,8%,"$101,300",$392,"$16,682",D-,15 reviews,C+,"123,328",NG,"review__stars__icon review__stars__icon--white--40,review__stars__number__reviews",City in Puerto Rico,A+
Urban,28%,22%,17%,Carolina,B-,NG,C,D-,9%,"$151,600",$604,"$29,018",B+,13 reviews,B-,"147,806",NG,"review__stars__icon review__stars__icon--white--35,review__stars__number__reviews",City in Puerto Rico,A+
Urban,24%,10%,21%,Newark,C-,C-,A,D-,4%,"$222,100",$981,"$33,025",A-,167 reviews,A,"280,139",C+,"review__stars__icon review__stars__icon--white--35,review__stars__number__reviews",City in New Jersey,B-
Urban,25%,10%,21%,Hartford,C,C-,A+,D+,7%,"$159,100",$914,"$32,095",A,78 reviews,A,"124,320",C-,"review__stars__icon review__stars__icon--white--35,review__stars__number__reviews",City in Connecticut,C+
Urban,19%,15%,19%,New Haven,C-,C-,A+,C-,19%,"$190,700","$1,121","$38,126",A,39 reviews,A,"130,405",C-,"review__stars__icon review__stars__icon--white--40,review__stars__number__reviews",City in Connecticut,C+
Urban,21%,9%,23%,Santa Ana,D+,C+,B+,C,3%,"$383,900","$1,354","$54,062",A-,205 reviews,A+,"333,605",B-,"review__stars__icon review__stars__icon--white--40,review__stars__number__reviews",City in California,A+
Urban,25%,8%,26%,Salinas,C-,C-,A-,C,4%,"$303,800","$1,177","$52,338",B+,262 reviews,A+,"155,889",C,"review__stars__icon review__stars__icon--white--30,review__stars__number__reviews",City in California,A+
Urban,18%,26%,14%,Boston,C-,C,A+,C+,21%,"$423,200","$1,369","$58,516",A,388 reviews,A+,"658,279",D+,"review__stars__icon review__stars__icon--white--40,review__stars__number__reviews",City in Massachusetts,B-
Urban,28%,12%,24%,Oxnard,D+,C,A-,C-,5%,"$362,900","$1,396","$61,709",A-,367 reviews,A+,"204,752",B-,"review__stars__icon review__stars__icon--white--35,review__stars__number__reviews",City in California,A+
Urban,24%,21%,18%,Los Angeles,D+,C,A+,C,11%,"$496,300","$1,241","$51,538",A-,532 reviews,A+,"3,918,872",C+,"review__stars__icon review__stars__icon--white--40,review__stars__number__reviews",City in California,A+
Urban,28%,18%,21%,Anaheim,D,C+,A+,C,7%,"$457,600","$1,402","$61,826",A-,161 reviews,A+,"346,776",B-,"review__stars__icon review__stars__icon--white--40,review__stars__number__reviews",City in California,A+
Urban,21%,16%,19%,Providence,C,C,A+,C-,14%,"$173,800",$917,"$37,366",A,82 reviews,A,"178,851",C,"review__stars__icon review__stars__icon--white--40,review__stars__number__reviews",City in Rhode Island,B-
Urban,19%,15%,15%,Miami,C,C-,A-,C,10%,"$241,200",$995,"$31,642",A,559 reviews,A,"432,622",B-,"review__stars__icon review__stars__icon--white--40,review__stars__number__reviews",City in Florida,A
Suburban,27%,9%,27%,Santa Maria,C-,C,A-,C,4%,"$276,800","$1,205","$51,939",B+,187 reviews,A,"103,642",C,"review__stars__icon review__stars__icon--white--35,review__stars__number__reviews",City in California,A+
Suburban,28%,11%,22%,Springfield,C+,C-,A+,C-,7%,"$146,400",$839,"$35,742",A-,304 reviews,A,"153,991",C-,"review__stars__icon review__stars__icon--white--30,review__stars__number__reviews",City in Massachusetts,C+
Suburban,21%,26%,18%,Stamford,D+,B-,A+,C,21%,"$504,200","$1,656","$81,634",A-,64 reviews,A,"127,410",B,"review__stars__icon review__stars__icon--white--40,review__stars__number__reviews",City in Connecticut,C+
Urban,25%,22%,17%,Oakland,D+,C-,A+,C+,17%,"$500,500","$1,189","$57,778",A,182 reviews,A+,"412,040",C+,"review__stars__icon review__stars__icon--white--40,review__stars__number__reviews",City in California,A+
Suburban,31%,22%,18%,Orange,D,B-,A+,C+,12%,"$565,800","$1,581","$79,192",A-,192 reviews,A+,"139,919",B,"review__stars__icon review__stars__icon--white--40,review__stars__number__reviews",City in California,A+
Urban,18%,26%,18%,Jersey City,C-,C,A+,C+,18%,"$331,300","$1,233","$60,703",A-,128 reviews,A,"261,666",B-,"review__stars__icon review__stars__icon--white--40,review__stars__number__reviews",City in New Jersey,B-
Suburban,29%,19%,19%,Hayward,D+,C,A+,C+,7%,"$404,500","$1,417","$68,138",B+,107 reviews,A+,"154,507",C+,"review__stars__icon review__stars__icon--white--40,review__stars__number__reviews",City in California,A+
Urban,21%,21%,18%,New York City,C-,C+,A+,C+,15%,"$508,900","$1,294","$55,191",A,653 reviews,A+,"8,461,961",B+,"review__stars__icon review__stars__icon--white--45,review__stars__number__reviews",City in New York,B-
Urban,30%,26%,17%,Costa Mesa,D,C+,A,C+,11%,"$637,200","$1,641","$70,438",A,73 reviews,A+,"112,439",A-,"review__stars__icon review__stars__icon--white--45,review__stars__number__reviews",City in California,A+
Urban,31%,19%,20%,Long Beach,D+,C,A+,C,11%,"$448,800","$1,150","$55,151",A-,369 reviews,A+,"469,793",B+,"review__stars__icon review__stars__icon--white--40,review__stars__number__reviews",City in California,A+
Urban,25%,24%,20%,San Jose,D+,C+,A+,B-,16%,"$658,000","$1,689","$90,303",A-,457 reviews,A+,"1,009,363",B+,"review__stars__icon review__stars__icon--white--40,review__stars__number__reviews",City in California,A+
Suburban,35%,20%,19%,Santa Rosa,D+,C+,A,C+,11%,"$414,800","$1,371","$62,705",B+,294 reviews,A+,"173,165",B+,"review__stars__icon review__stars__icon--white--35,review__stars__number__reviews",City in California,A+
Suburban,37%,21%,19%,Ventura,D+,C+,A,C+,13%,"$459,300","$1,453","$70,541",A-,83 reviews,A,"109,067",A-,"review__stars__icon review__stars__icon--white--40,review__stars__number__reviews",City in California,A+
Suburban,28%,24%,15%,Honolulu,C-,NG,NG,B-,14%,"$660,200","$1,386","$67,630",A,199 reviews,A,"401,470",B-,"review__stars__icon review__stars__icon--white--40,review__stars__number__reviews",City in Hawaii,A+
Urban,26%,10%,22%,Allentown,C+,C,A,C,5%,"$126,100",$907,"$37,256",A-,117 reviews,A,"119,624",C-,"review__stars__icon review__stars__icon--white--35,review__stars__number__reviews",City in Pennsylvania,C+
Suburban,38%,18%,17%,Vallejo,C-,C-,A+,C,6%,"$254,100","$1,250","$59,600",A-,250 reviews,A,"119,644",D,"review__stars__icon review__stars__icon--white--30,review__stars__number__reviews",City in California,A+
Suburban,29%,11%,23%,Ontario,C-,C+,A-,C,4%,"$293,000","$1,296","$54,896",A-,367 reviews,A,"169,389",B-,"review__stars__icon review__stars__icon--white--35,review__stars__number__reviews",City in California,A+
Urban,29%,15%,22%,Milwaukee,B,C-,A+,C,8%,"$115,500",$798,"$36,801",A,236 reviews,A,"598,672",C-,"review__stars__icon review__stars__icon--white--35,review__stars__number__reviews",City in Wisconsin,C
Urban,23%,27%,16%,Pasadena,D+,C+,A+,B-,23%,"$649,800","$1,421","$73,029",A-,97 reviews,A,"140,268",B,"review__stars__icon review__stars__icon--white--45,review__stars__number__reviews",City in California,A+
Suburban,33%,8%,21%,Detroit,B+,D+,B+,C-,6%,"$41,000",$754,"$26,249",A-,864 reviews,A-,"683,443",C-,"review__stars__icon review__stars__icon--white--35,review__stars__number__reviews",City in Michigan,C+
Urban,27%,25%,15%,Glendale,D+,B-,A,C+,14%,"$639,700","$1,355","$56,069",A-,85 reviews,A,"197,895",A,"review__stars__icon review__stars__icon--white--45,review__stars__number__reviews",City in California,A+
Suburban,25%,22%,16%,Richmond,B-,C,A,C,15%,"$199,300",$916,"$41,187",A,260 reviews,A,"216,773",C,"review__stars__icon review__stars__icon--white--40,review__stars__number__reviews",City in Virginia,B+
Urban,30%,28%,16%,Burbank,D,B-,A,C+,12%,"$611,000","$1,446","$67,317",A-,228 reviews,A+,"104,583",A,"review__stars__icon review__stars__icon--white--40,review__stars__number__reviews",City in California,A+
Suburban,24%,18%,17%,Worcester,C,C,A,C+,11%,"$206,500",$975,"$45,599",A,70 reviews,A,"183,677",B,"review__stars__icon review__stars__icon--white--40,review__stars__number__reviews",City in Massachusetts,C+
Suburban,35%,23%,15%,Eugene,C-,C+,B+,C+,17%,"$246,400",$921,"$44,859",A-,586 reviews,A,"161,649",B+,"review__stars__icon review__stars__icon--white--35,review__stars__number__reviews",City in Oregon,A
Urban,20%,33%,12%,San Francisco,D+,C-,A+,B+,22%,"$858,800","$1,632","$87,701",A,372 reviews,A+,"850,282",A-,"review__stars__icon review__stars__icon--white--45,review__stars__number__reviews",City in California,A+
Suburban,29%,10%,19%,Cleveland,B+,C-,A,C-,6%,"$67,500",$660,"$26,583",A-,341 reviews,A,"389,165",C-,"review__stars__icon review__stars__icon--white--40,review__stars__number__reviews",City in Ohio,C-
Suburban,28%,26%,17%,San Diego,D+,C+,A+,C+,18%,"$488,600","$1,427","$68,117",A-,331 reviews,A,"1,374,812",A,"review__stars__icon review__stars__icon--white--45,review__stars__number__reviews",City in California,A+
Suburban,28%,19%,16%,Manchester,C,C,B+,B-,9%,"$207,200","$1,029","$54,899",A-,215 reviews,A,"110,231",C,"review__stars__icon review__stars__icon--white--35,review__stars__number__reviews",City in New Hampshire,C
Suburban,32%,14%,25%,Fresno,C,C,A+,C,7%,"$187,500",$901,"$41,842",A-,836 reviews,B,"513,807",B-,"review__stars__icon review__stars__icon--white--35,review__stars__number__reviews",City in California,A+
Suburban,31%,17%,18%,Savannah,B-,C,A,C+,11%,"$145,100",$913,"$37,108",A-,413 reviews,B,"144,717",C-,"review__stars__icon review__stars__icon--white--35,review__stars__number__reviews",City in Georgia,B+
Suburban,34%,16%,18%,Norfolk,B-,C,A+,C-,11%,"$193,100",$980,"$45,268",A,189 reviews,A-,"245,724",C+,"review__stars__icon review__stars__icon--white--35,review__stars__number__reviews",City in Virginia,B+
Urban,29%,14%,20%,Rochester,B-,C-,A+,C,10%,"$77,800",$779,"$31,684",A,207 reviews,A,"210,291",C,"review__stars__icon review__stars__icon--white--40,review__stars__number__reviews",City in New York,C-
Suburban,27%,22%,15%,Fort Lauderdale,C+,C,A+,C+,13%,"$273,400","$1,135","$51,648",A-,195 reviews,A,"175,153",B-,"review__stars__icon review__stars__icon--white--40,review__stars__number__reviews",City in Florida,A
Suburban,24%,20%,15%,Athens,B-,C+,A,C+,20%,"$152,600",$799,"$32,959",A,380 reviews,A-,"120,813",C+,"review__stars__icon review__stars__icon--white--40,review__stars__number__reviews",City in Georgia,B
Urban,24%,22%,18%,Chicago,C+,C,A+,C+,15%,"$225,200",$987,"$50,434",A,"1,140 reviews",A,"2,714,017",B-,"review__stars__icon review__stars__icon--white--40,review__stars__number__reviews",City in Illinois,C+
Urban,21%,31%,18%,Santa Clara,D+,B-,A+,B,26%,"$734,500","$1,917","$102,533",A-,146 reviews,A,"122,725",A-,"review__stars__icon review__stars__icon--white--35,review__stars__number__reviews",City in California,A+
Suburban,40%,15%,19%,Everett,C,C,A,B-,6%,"$242,200","$1,018","$50,933",A-,80 reviews,B+,"106,580",B,"review__stars__icon review__stars__icon--white--35,review__stars__number__reviews",City in Washington,B-
Urban,29%,31%,17%,Torrance,D+,B-,A+,B-,16%,"$652,600","$1,512","$80,862",A-,131 reviews,A+,"147,307",A,"review__stars__icon review__stars__icon--white--40,review__stars__number__reviews",City in California,A+
Urban,24%,16%,18%,Baltimore,B-,C-,A,C,14%,"$153,000",$974,"$44,262",A,400 reviews,A,"621,000",C,"review__stars__icon review__stars__icon--white--35,review__stars__number__reviews",City in Maryland,B-
Suburban,32%,12%,24%,Stockton,C+,C-,A+,C,6%,"$191,000",$967,"$46,033",B+,595 reviews,A,"301,443",B-,"review__stars__icon review__stars__icon--white--30,review__stars__number__reviews",City in California,A+
Suburban,37%,7%,27%,Victorville,C+,C,A+,C+,5%,"$158,900","$1,154","$45,895",B+,305 reviews,A,"121,320",C-,"review__stars__icon review__stars__icon--white--30,review__stars__number__reviews",City in California,A-
Suburban,29%,29%,18%,Thousand Oaks,D+,B,A,B-,21%,"$637,100","$1,896","$101,045",B+,254 reviews,A+,"128,623",A+,"review__stars__icon review__stars__icon--white--40,review__stars__number__reviews",City in California,A+
Suburban,29%,32%,19%,Carlsbad,D+,B-,A-,B-,24%,"$674,400","$1,830","$97,145",B+,243 reviews,A,"112,008",A+,"review__stars__icon review__stars__icon--white--45,review__stars__number__reviews",City in California,A+
Suburban,27%,21%,17%,New Orleans,C+,C-,A,C+,15%,"$197,000",$929,"$37,488",A-,296 reviews,B-,"382,922",B,"review__stars__icon review__stars__icon--white--40,review__stars__number__reviews",City in Louisiana,B
Suburban,31%,13%,20%,Riverside,C-,C,A+,C+,9%,"$286,600","$1,194","$58,979",A-,206 reviews,A,"318,678",B-,"review__stars__icon review__stars__icon--white--40,review__stars__number__reviews",City in California,A+
Suburban,28%,15%,16%,Pompano Beach,B-,C,A+,C+,8%,"$165,300","$1,099","$42,641",A-,178 reviews,A,"106,004",C+,"review__stars__icon review__stars__icon--white--35,review__stars__number__reviews",City in Florida,A
Urban,23%,15%,19%,Philadelphia,B-,C-,A+,C,11%,"$147,300",$943,"$39,770",A,852 reviews,A,"1,559,938",C,"review__stars__icon review__stars__icon--white--40,review__stars__number__reviews",City in Pennsylvania,B-
Suburban,32%,19%,20%,Sacramento,C,C,A+,C+,11%,"$259,400","$1,057","$52,071",A-,311 reviews,A,"484,530",B,"review__stars__icon review__stars__icon--white--40,review__stars__number__reviews",City in California,A+
Urban,28%,15%,18%,Syracuse,B-,C-,A+,C+,12%,"$89,900",$737,"$32,704",A,290 reviews,A,"144,350",B-,"review__stars__icon review__stars__icon--white--35,review__stars__number__reviews",City in New York,D+
Suburban,26%,28%,14%,College Station,C+,B-,A,B,28%,"$192,700",$904,"$36,471",A,507 reviews,A-,"104,684",A,"review__stars__icon review__stars__icon--white--40,review__stars__number__reviews",City in Texas,B+
Suburban,36%,18%,21%,Fairfield,C-,C,A+,C+,7%,"$305,400","$1,359","$69,396",A-,202 reviews,A,"110,953",B,"review__stars__icon review__stars__icon--white--35,review__stars__number__reviews",City in California,A+
Suburban,34%,18%,18%,Tacoma,C+,C-,A,B-,9%,"$212,400",$980,"$53,553",A-,208 reviews,A,"205,602",B,"review__stars__icon review__stars__icon--white--40,review__stars__number__reviews",City in Washington,B-
Suburban,33%,18%,21%,Corona,C-,B-,A+,B-,9%,"$378,500","$1,426","$72,309",B+,476 reviews,A,"161,614",A-,"review__stars__icon review__stars__icon--white--35,review__stars__number__reviews",City in California,A+
Suburban,28%,22%,11%,Gainesville,B-,C,A,B-,22%,"$143,900",$858,"$32,716",A,672 reviews,A,"128,610",B+,"review__stars__icon review__stars__icon--white--40,review__stars__number__reviews",City in Florida,A-
Suburban,27%,21%,16%,West Palm Beach,C+,C-,A+,B,12%,"$198,100","$1,096","$46,672",A-,237 reviews,B,"104,978",C,"review__stars__icon review__stars__icon--white--40,review__stars__number__reviews",City in Florida,A
Suburban,35%,17%,21%,Kent,C,C+,A+,B-,7%,"$262,800","$1,097","$61,033",A-,95 reviews,A+,"125,492",B,"review__stars__icon review__stars__icon--white--35,review__stars__number__reviews",City in Washington,B
Suburban,21%,39%,19%,Irvine,D,B,A+,B,29%,"$718,800","$1,997","$93,823",A-,188 reviews,A+,"246,992",A+,"review__stars__icon review__stars__icon--white--45,review__stars__number__reviews",City in California,A+
Suburban,39%,15%,18%,Hampton,B-,C+,A,C,9%,"$187,700","$1,032","$49,890",A-,125 reviews,A,"136,789",C+,"review__stars__icon review__stars__icon--white--40,review__stars__number__reviews",City in Virginia,B+
Suburban,31%,27%,15%,Wilmington,B-,C-,A-,C+,14%,"$224,300",$872,"$43,855",A-,295 reviews,A,"113,724",A-,"review__stars__icon review__stars__icon--white--40,review__stars__number__reviews",City in North Carolina,B+
Suburban,22%,27%,16%,Atlanta,B-,C-,A,B-,21%,"$222,300",$998,"$49,398",A,536 reviews,A,"456,378",C+,"review__stars__icon review__stars__icon--white--40,review__stars__number__reviews",City in Georgia,B+
Suburban,36%,12%,21%,Modesto,C+,C-,A+,C,6%,"$208,000","$1,034","$50,996",B+,363 reviews,A,"208,512",B-,"review__stars__icon review__stars__icon--white--30,review__stars__number__reviews",City in California,A+
Suburban,29%,28%,16%,Portland,C-,C,A-,B-,19%,"$319,400","$1,025","$58,423",A,544 reviews,A+,"620,589",B+,"review__stars__icon review__stars__icon--white--40,review__stars__number__reviews",City in Oregon,B
Urban,23%,36%,13%,Seattle,C-,C,A,B,25%,"$484,600","$1,266","$74,458",A,375 reviews,A+,"668,849",A-,"review__stars__icon review__stars__icon--white--45,review__stars__number__reviews",City in Washington,B
Urban,18%,30%,20%,Sunnyvale,D+,B-,A+,B+,31%,"$859,100","$1,949","$109,799",A,165 reviews,A+,"149,596",A,"review__stars__icon review__stars__icon--white--40,review__stars__number__reviews",City in California,A+
Suburban,29%,26%,14%,Tallahassee,B-,C-,A,C+,22%,"$182,200",$931,"$40,947",A,832 reviews,A,"188,466",B,"review__stars__icon review__stars__icon--white--35,review__stars__number__reviews",City in Florida,B+
Suburban,36%,11%,19%,Dayton,A-,C-,A,C,7%,"$66,600",$636,"$28,745",A-,143 reviews,A-,"141,143",C,"review__stars__icon review__stars__icon--white--35,review__stars__number__reviews",City in Ohio,B-
Suburban,32%,13%,21%,Rockford,B+,C-,A,C,9%,"$91,400",$719,"$40,143",A-,273 reviews,A,"149,597",B-,"review__stars__icon review__stars__icon--white--30,review__stars__number__reviews",City in Illinois,C+
Suburban,32%,15%,22%,Jackson,B+,C-,B+,C,11%,"$89,500",$767,"$32,866",B+,276 reviews,B,"172,039",C-,"review__stars__icon review__stars__icon--white--30,review__stars__number__reviews",City in Mississippi,B
Suburban,35%,17%,21%,Salem,C+,C+,A,B-,10%,"$188,900",$819,"$49,126",A-,288 reviews,A,"161,975",C+,"review__stars__icon review__stars__icon--white--35,review__stars__number__reviews",City in Oregon,B
Urban,17%,33%,10%,Berkeley,D+,C+,A+,B,39%,"$795,200","$1,434","$70,393",A,79 reviews,A+,"118,585",A+,"review__stars__icon review__stars__icon--white--40,review__stars__number__reviews",City in California,A+
Suburban,37%,12%,19%,Pueblo,B-,C-,A,C,7%,"$116,800",$751,"$35,770",A-,309 reviews,A-,"108,385",C+,"review__stars__icon review__stars__icon--white--30,review__stars__number__reviews",City in Colorado,A-
Suburban,35%,15%,18%,Tucson,B-,C,A,C+,10%,"$132,200",$772,"$37,973",A-,802 reviews,A,"527,586",B-,"review__stars__icon review__stars__icon--white--40,review__stars__number__reviews",City in Arizona,A+
Suburban,32%,16%,18%,Birmingham,B+,C-,A-,C,9%,"$87,100",$744,"$32,404",A-,196 reviews,B-,"212,424",C-,"review__stars__icon review__stars__icon--white--40,review__stars__number__reviews",City in Alabama,B
Suburban,26%,25%,18%,Salt Lake City,C,C,A,B,19%,"$248,700",$844,"$50,353",A,365 reviews,A+,"191,446",B-,"review__stars__icon review__stars__icon--white--40,review__stars__number__reviews",City in Utah,B+
Suburban,36%,27%,19%,Provo,C+,B,A-,B+,14%,"$214,800",$764,"$42,600",A,"1,061 reviews",A+,"115,718",B,"review__stars__icon review__stars__icon--white--40,review__stars__number__reviews",City in Utah,B
Suburban,33%,15%,18%,Paradise,C+,NG,A+,B-,7%,"$169,800",$880,"$44,841",A-,370 reviews,A-,"229,666",C+,"review__stars__icon review__stars__icon--white--30,review__stars__number__reviews",City in Nevada,A+
Suburban,30%,23%,18%,Orlando,B-,C-,A+,B-,12%,"$172,100","$1,040","$44,007",A-,849 reviews,A,"263,306",B,"review__stars__icon review__stars__icon--white--45,review__stars__number__reviews",City in Florida,A
Suburban,30%,15%,21%,Memphis,B,C-,A,C,10%,"$93,700",$842,"$36,975",A-,685 reviews,B,"655,857",C+,"review__stars__icon review__stars__icon--white--35,review__stars__number__reviews",City in Tennessee,B
Suburban,29%,19%,17%,St. Louis,B+,D+,A,C,14%,"$120,900",$759,"$36,809",A,198 reviews,A-,"316,030",C-,"review__stars__icon review__stars__icon--white--35,review__stars__number__reviews",City in Missouri,B-
Suburban,23%,28%,18%,Denver,C,C,A,B+,18%,"$292,700","$1,035","$56,258",A,474 reviews,A,"663,303",B-,"review__stars__icon review__stars__icon--white--45,review__stars__number__reviews",City in Colorado,B+
Suburban,37%,15%,20%,Newport News,B-,C,A+,C+,10%,"$189,000",$972,"$50,089",A-,179 reviews,A-,"181,606",B,"review__stars__icon review__stars__icon--white--35,review__stars__number__reviews",City in Virginia,B+
Suburban,20%,37%,18%,Sandy Springs,C,B-,A,B,23%,"$421,600","$1,083","$68,629",A-,140 reviews,A,"102,212",A-,"review__stars__icon review__stars__icon--white--40,review__stars__number__reviews",City in Georgia,B+
Suburban,34%,19%,16%,Clearwater,B-,C,A-,B-,9%,"$163,500",$970,"$44,569",A-,232 reviews,A,"111,747",C+,"review__stars__icon review__stars__icon--white--40,review__stars__number__reviews",City in Florida,A
Urban,17%,29%,16%,Alexandria,C,B-,A+,B,33%,"$520,700","$1,611","$89,200",A,141 reviews,A,"151,473",A,"review__stars__icon review__stars__icon--white--45,review__stars__number__reviews",City in Virginia,B
Suburban,27%,20%,19%,Cincinnati,B+,C-,A,C+,14%,"$120,300",$662,"$34,629",A,297 reviews,A,"298,011",B,"review__stars__icon review__stars__icon--white--40,review__stars__number__reviews",City in Ohio,C+
Suburban,28%,19%,18%,Baton Rouge,B,C-,A,B-,13%,"$158,400",$797,"$39,969",A-,257 reviews,B-,"228,694",C,"review__stars__icon review__stars__icon--white--35,review__stars__number__reviews",City in Louisiana,B
Suburban,33%,15%,20%,Las Vegas,C+,C-,A+,B-,8%,"$184,900",$985,"$50,882",A-,"1,549 reviews",A-,"613,295",B-,"review__stars__icon review__stars__icon--white--35,review__stars__number__reviews",City in Nevada,A+
Suburban,37%,16%,20%,Lansing,B+,C-,A,B-,9%,"$75,500",$763,"$36,851",A-,183 reviews,A,"114,773",C,"review__stars__icon review__stars__icon--white--35,review__stars__number__reviews",City in Michigan,C+
Suburban,33%,19%,20%,Jacksonville,B,C,A,B,8%,"$140,000",$955,"$48,256",A-,658 reviews,B,"856,616",C-,"review__stars__icon review__stars__icon--white--40,review__stars__number__reviews",City in Florida,B+
Urban,31%,14%,19%,Buffalo,B,C-,A+,B-,11%,"$72,600",$710,"$33,119",A,199 reviews,A,"258,989",C,"review__stars__icon review__stars__icon--white--40,review__stars__number__reviews",City in New York,C-
Suburban,31%,13%,18%,Akron,A-,C-,A,C+,7%,"$80,000",$693,"$35,240",A-,427 reviews,A,"198,508",C,"review__stars__icon review__stars__icon--white--35,review__stars__number__reviews",City in Ohio,C
Suburban,38%,17%,19%,Spokane,C+,C,B+,B-,12%,"$160,800",$770,"$43,274",A-,519 reviews,A,"212,078",B,"review__stars__icon review__stars__icon--white--35,review__stars__number__reviews",City in Washington,B
Suburban,33%,14%,25%,Bakersfield,C+,C,A+,B-,7%,"$214,600","$1,005","$58,669",B+,729 reviews,B,"367,555",B-,"review__stars__icon review__stars__icon--white--35,review__stars__number__reviews",City in California,A
Rural,35%,22%,21%,Anchorage,C,C,NG,B,13%,"$298,000","$1,231","$80,862",A-,204 reviews,B,"299,321",B,"review__stars__icon review__stars__icon--white--40,review__stars__number__reviews",City in Alaska,C-
Urban,10%,29%,10%,Cambridge,C-,C+,A,B,46%,"$629,700","$1,754","$83,122",A+,35 reviews,A+,"108,757",A+,"review__stars__icon review__stars__icon--white--45,review__stars__number__reviews",City in Massachusetts,B-
Suburban,32%,15%,21%,North Charleston,B,C-,A,B-,6%,"$144,200",$909,"$39,703",A-,173 reviews,B-,"106,113",B+,"review__stars__icon review__stars__icon--white--35,review__stars__number__reviews",City in South Carolina,B+
Suburban,33%,19%,19%,Reno,C+,C,A,B-,11%,"$235,800",$872,"$48,815",A-,771 reviews,A,"237,121",A-,"review__stars__icon review__stars__icon--white--35,review__stars__number__reviews",City in Nevada,A
Urban,25%,29%,17%,Minneapolis,B,C-,A,B,19%,"$212,800",$898,"$52,611",A,333 reviews,A+,"404,670",C+,"review__stars__icon review__stars__icon--white--45,review__stars__number__reviews",City in Minnesota,C+
Suburban,39%,26%,20%,Roseville,C-,B-,A,B,12%,"$355,900","$1,359","$78,446",B+,91 reviews,A,"128,276",A-,"review__stars__icon review__stars__icon--white--45,review__stars__number__reviews",City in California,A+
Suburban,23%,13%,29%,Laredo,B,C+,C+,B+,5%,"$113,500",$764,"$39,548",B+,591 reviews,D+,"251,671",B-,"review__stars__icon review__stars__icon--white--35,review__stars__number__reviews",City in Texas,A+
Suburban,35%,15%,25%,Visalia,C+,C,A,B-,8%,"$190,500",$939,"$52,099",A-,309 reviews,B,"128,738",B,"review__stars__icon review__stars__icon--white--35,review__stars__number__reviews",City in California,A+
Suburban,32%,13%,20%,Augusta,B+,NG,A,B-,8%,"$100,500",$794,"$38,458",A-,373 reviews,C+,"196,784",C-,"review__stars__icon review__stars__icon--white--35,review__stars__number__reviews",City in Georgia,A-
Suburban,26%,21%,18%,Tampa,B-,C,A+,B,14%,"$172,100",$983,"$45,874",A-,613 reviews,A,"361,477",B-,"review__stars__icon review__stars__icon--white--40,review__stars__number__reviews",City in Florida,A
Suburban,31%,18%,17%,Chattanooga,B,C-,A,B-,10%,"$152,000",$765,"$41,278",A-,356 reviews,A,"175,462",B-,"review__stars__icon review__stars__icon--white--40,review__stars__number__reviews",City in Tennessee,B-
Suburban,35%,12%,20%,Toledo,A-,C-,A,C+,6%,"$77,800",$651,"$34,548",A-,458 reviews,A-,"280,854",C+,"review__stars__icon review__stars__icon--white--35,review__stars__number__reviews",City in Ohio,C+
Suburban,16%,34%,11%,Boulder,C-,B-,B+,B,39%,"$554,500","$1,313","$60,569",A,200 reviews,A+,"105,420",A+,"review__stars__icon review__stars__icon--white--40,review__stars__number__reviews",City in Colorado,B
Suburban,31%,13%,20%,Waco,B,C,A+,B-,8%,"$98,800",$770,"$34,099",A-,400 reviews,B+,"130,659",B,"review__stars__icon review__stars__icon--white--35,review__stars__number__reviews",City in Texas,A-
Suburban,29%,11%,24%,Kansas City,A-,C-,A+,B-,5%,"$87,500",$802,"$39,536",A-,269 reviews,C+,"149,755",C+,"review__stars__icon review__stars__icon--white--35,review__stars__number__reviews",City in Kansas,B
Suburban,32%,19%,20%,Albuquerque,C+,C-,A,B-,15%,"$185,400",$816,"$48,127",A-,389 reviews,A,"556,859",B+,"review__stars__icon review__stars__icon--white--40,review__stars__number__reviews",City in New Mexico,A
Suburban,24%,15%,19%,Erie,B,C,A-,C+,7%,"$86,700",$662,"$35,205",A-,223 reviews,A,"100,157",B-,"review__stars__icon review__stars__icon--white--35,review__stars__number__reviews",City in Pennsylvania,C
Suburban,25%,24%,22%,St. Paul,B,C,A+,B-,16%,"$178,400",$865,"$50,820",A,180 reviews,A,"297,160",B-,"review__stars__icon review__stars__icon--white--45,review__stars__number__reviews",City in Minnesota,C+
Suburban,31%,18%,18%,Mobile,B+,C,A,C+,10%,"$119,500",$783,"$38,759",A-,373 reviews,B+,"193,717",C+,"review__stars__icon review__stars__icon--white--35,review__stars__number__reviews",City in Alabama,B
Suburban,29%,16%,18%,Lakeland,B+,C,A,B-,9%,"$109,300",$890,"$40,918",B+,216 reviews,A-,"102,714",C+,"review__stars__icon review__stars__icon--white--40,review__stars__number__reviews",City in Florida,A
Suburban,21%,37%,17%,Bellevue,C-,B-,A,B,27%,"$608,500","$1,629","$100,703",A-,45 reviews,A+,"136,718",A+,"review__stars__icon review__stars__icon--white--45,review__stars__number__reviews",City in Washington,B
Suburban,29%,19%,16%,Knoxville,B,C-,A-,B-,12%,"$120,300",$766,"$34,556",A-,394 reviews,B+,"183,927",B+,"review__stars__icon review__stars__icon--white--40,review__stars__number__reviews",City in Tennessee,B-
Urban,12%,35%,15%,Arlington,C,NG,A,B,39%,"$623,300","$1,861","$108,706",A,82 reviews,A,"226,092",A+,"review__stars__icon review__stars__icon--white--45,review__stars__number__reviews",City in Virginia,B
Suburban,28%,15%,24%,South Bend,A-,C-,A,C+,10%,"$80,500",$710,"$35,758",A-,194 reviews,A-,"101,037",C-,"review__stars__icon review__stars__icon--white--35,review__stars__number__reviews",City in Indiana,C
Suburban,31%,20%,15%,St. Petersburg,B,C,A,B,12%,"$154,800",$959,"$48,183",A-,272 reviews,A,"253,585",C+,"review__stars__icon review__stars__icon--white--40,review__stars__number__reviews",City in Florida,A
Suburban,23%,20%,22%,Dallas,B,C,A+,B,12%,"$142,600",$888,"$45,215",A-,409 reviews,A-,"1,278,433",B,"review__stars__icon review__stars__icon--white--45,review__stars__number__reviews",City in Texas,B+
Suburban,28%,34%,14%,Scottsdale,C-,B-,B+,B+,21%,"$405,500","$1,184","$76,543",A-,145 reviews,B+,"234,495",A,"review__stars__icon review__stars__icon--white--45,review__stars__number__reviews",City in Arizona,A+
Suburban,26%,24%,19%,Nashville,B,C,A,B+,14%,"$174,600",$902,"$49,891",A-,"1,042 reviews",A-,"643,771",C+,"review__stars__icon review__stars__icon--white--40,review__stars__number__reviews",City in Tennessee,B-
Suburban,35%,13%,19%,Port St. Lucie,B-,B-,A,B-,7%,"$149,400","$1,170","$50,829",B+,467 reviews,A,"175,652",C+,"review__stars__icon review__stars__icon--white--35,review__stars__number__reviews",City in Florida,A
Suburban,26%,23%,14%,Columbia,B,C,A,B-,18%,"$164,200",$853,"$42,875",A,315 reviews,B+,"132,537",B+,"review__stars__icon review__stars__icon--white--40,review__stars__number__reviews",City in South Carolina,B+
Suburban,35%,20%,18%,Henderson,C+,B-,A,B,12%,"$237,800","$1,151","$64,277",B+,161 reviews,A,"277,872",B-,"review__stars__icon review__stars__icon--white--45,review__stars__number__reviews",City in Nevada,A+
Suburban,29%,19%,20%,Montgomery,B+,C-,A,B,12%,"$116,600",$827,"$43,440",A-,338 reviews,C+,"201,717",C-,"review__stars__icon review__stars__icon--white--35,review__stars__number__reviews",City in Alabama,B
Suburban,33%,22%,19%,Billings,B-,C,B,B+,10%,"$198,300",$799,"$52,944",B+,86 reviews,B+,"109,089",B-,"review__stars__icon review__stars__icon--white--40,review__stars__number__reviews",City in Montana,B-
Suburban,35%,15%,21%,Columbus,B,C-,A,C+,10%,"$138,600",$844,"$42,661",A-,395 reviews,B-,"200,303",B,"review__stars__icon review__stars__icon--white--35,review__stars__number__reviews",City in Georgia,B+
Suburban,42%,17%,21%,Fayetteville,B,C,A+,C+,9%,"$127,500",$884,"$43,882",A-,685 reviews,B+,"203,670",B,"review__stars__icon review__stars__icon--white--35,review__stars__number__reviews",City in North Carolina,B
Suburban,30%,20%,21%,High Point,B,C,A+,C+,9%,"$142,700",$793,"$43,322",A-,205 reviews,A-,"108,982",B+,"review__stars__icon review__stars__icon--white--35,review__stars__number__reviews",City in North Carolina,B
Suburban,29%,16%,21%,Shreveport,B+,C-,A,B-,10%,"$133,600",$764,"$38,056",A-,355 reviews,C+,"198,571",C+,"review__stars__icon review__stars__icon--white--35,review__stars__number__reviews",City in Louisiana,B+
Suburban,28%,21%,20%,Winston-Salem,B,C,A+,C+,14%,"$142,400",$734,"$40,898",A-,434 reviews,A-,"238,474",B,"review__stars__icon review__stars__icon--white--35,review__stars__number__reviews",City in North Carolina,B
Suburban,31%,15%,21%,Beaumont,B+,C-,A+,B-,8%,"$99,800",$787,"$42,395",B+,155 reviews,B+,"117,729",C+,"review__stars__icon review__stars__icon--white--35,review__stars__number__reviews",City in Texas,B+
Suburban,35%,23%,20%,Colorado Springs,C+,C,A,B,15%,"$222,100",$958,"$56,227",A-,"1,645 reviews",A-,"448,759",B,"review__stars__icon review__stars__icon--white--40,review__stars__number__reviews",City in Colorado,A-
Suburban,33%,19%,21%,Las Cruces,B-,C+,A,C+,14%,"$149,200",$757,"$41,215",B+,390 reviews,B+,"101,459",B,"review__stars__icon review__stars__icon--white--35,review__stars__number__reviews",City in New Mexico,A+
Suburban,32%,24%,16%,Lakewood,C,C,A-,B,13%,"$273,200","$1,067","$58,227",A-,358 reviews,A,"149,793",A-,"review__stars__icon review__stars__icon--white--40,review__stars__number__reviews",City in Colorado,B+
Suburban,28%,23%,20%,Columbus,B+,C,A,B,12%,"$131,800",$856,"$47,156",A-,828 reviews,A,"837,038",B-,"review__stars__icon review__stars__icon--white--40,review__stars__number__reviews",City in Ohio,C+
Suburban,34%,19%,20%,Tyler,B,C+,A+,B,9%,"$140,000",$832,"$44,507",B+,221 reviews,B+,"101,946",B-,"review__stars__icon review__stars__icon--white--40,review__stars__number__reviews",City in Texas,A-
Suburban,31%,20%,21%,Peoria,B+,C,A,B-,14%,"$127,200",$740,"$46,547",A-,149 reviews,B,"115,990",C,"review__stars__icon review__stars__icon--white--30,review__stars__number__reviews",City in Illinois,B-
Suburban,29%,18%,24%,Fort Worth,B,C,A+,A-,9%,"$131,100",$931,"$54,876",A-,"1,687 reviews",C-,"815,930",C+,"review__stars__icon review__stars__icon--white--40,review__stars__number__reviews",City in Texas,B+
Suburban,34%,17%,15%,Springfield,A-,C-,B,B,10%,"$109,500",$683,"$33,769",A,353 reviews,A-,"165,138",B,"review__stars__icon review__stars__icon--white--35,review__stars__number__reviews",City in Missouri,B-
Suburban,30%,18%,23%,Phoenix,C+,C,A+,B-,10%,"$178,200",$914,"$49,328",A-,746 reviews,A-,"1,555,324",B+,"review__stars__icon review__stars__icon--white--40,review__stars__number__reviews",City in Arizona,A+
Suburban,27%,31%,15%,Charleston,B-,C+,A-,B+,19%,"$269,400","$1,052","$57,603",A-,498 reviews,A,"129,888",A-,"review__stars__icon review__stars__icon--white--40,review__stars__number__reviews",City in South Carolina,B+
Suburban,30%,23%,18%,Greensboro,B,C,A+,B-,13%,"$148,500",$787,"$42,802",A-,590 reviews,A-,"282,177",B+,"review__stars__icon review__stars__icon--white--35,review__stars__number__reviews",City in North Carolina,B+
Suburban,23%,26%,19%,Durham,B,C-,A+,B+,23%,"$183,900",$913,"$52,115",A-,453 reviews,A-,"251,761",B-,"review__stars__icon review__stars__icon--white--35,review__stars__number__reviews",City in North Carolina,B
Suburban,28%,32%,16%,Fort Collins,C,B-,B+,B+,21%,"$285,400","$1,120","$57,831",A,635 reviews,A,"157,251",A,"review__stars__icon review__stars__icon--white--40,review__stars__number__reviews",City in Colorado,B+
Suburban,31%,18%,21%,Green Bay,B+,C+,A-,B,6%,"$125,100",$667,"$43,473",A-,220 reviews,A-,"104,951",B,"review__stars__icon review__stars__icon--white--40,review__stars__number__reviews",City in Wisconsin,C+
Suburban,37%,22%,19%,Virginia Beach,B-,B-,A,B,12%,"$262,200","$1,258","$67,719",A-,"1,297 reviews",A,"449,733",A,"review__stars__icon review__stars__icon--white--40,review__stars__number__reviews",City in Virginia,B+
Suburban,30%,22%,21%,Grand Rapids,B+,C,A,B,11%,"$113,600",$806,"$42,019",A-,238 reviews,A,"193,887",C+,"review__stars__icon review__stars__icon--white--45,review__stars__number__reviews",City in Michigan,C-
Suburban,47%,13%,26%,Killeen,B,C,A+,B-,5%,"$118,400",$876,"$48,157",A-,368 reviews,C+,"138,745",B,"review__stars__icon review__stars__icon--white--35,review__stars__number__reviews",City in Texas,B+
Suburban,24%,30%,18%,Austin,C+,C+,A+,A-,18%,"$257,800","$1,106","$60,939",A,"1,421 reviews",A-,"907,779",A-,"review__stars__icon review__stars__icon--white--40,review__stars__number__reviews",City in Texas,A-
Suburban,31%,16%,23%,El Paso,B,C+,B+,B,7%,"$119,300",$769,"$43,322",B+,"1,316 reviews",C,"678,058",B,"review__stars__icon review__stars__icon--white--35,review__stars__number__reviews",City in Texas,A+
Suburban,28%,23%,20%,Little Rock,B+,C-,A,B-,15%,"$154,700",$803,"$46,578",A-,222 reviews,A-,"197,640",B-,"review__stars__icon review__stars__icon--white--40,review__stars__number__reviews",City in Arkansas,B
Suburban,32%,18%,21%,Des Moines,B+,C,A,B,8%,"$119,800",$775,"$48,088",A-,142 reviews,B,"212,859",B-,"review__stars__icon review__stars__icon--white--40,review__stars__number__reviews",City in Iowa,B-
Suburban,33%,23%,17%,Denton,B,B-,A,A-,14%,"$162,700",$932,"$50,487",A,392 reviews,B-,"128,421",B+,"review__stars__icon review__stars__icon--white--40,review__stars__number__reviews",City in Texas,B+
Suburban,23%,14%,26%,Brownsville,B+,C+,B-,B-,4%,"$83,800",$644,"$34,255",B+,683 reviews,C+,"182,110",B,"review__stars__icon review__stars__icon--white--35,review__stars__number__reviews",City in Texas,A
Suburban,26%,24%,18%,Lafayette,B,C,A,B+,12%,"$177,100",$824,"$47,940",A-,243 reviews,B+,"125,808",B,"review__stars__icon review__stars__icon--white--40,review__stars__number__reviews",City in Louisiana,B+
Suburban,31%,20%,21%,Tulsa,B+,C-,NG,B,10%,"$126,200",$757,"$43,045",A-,735 reviews,B+,"399,906",B,"review__stars__icon review__stars__icon--white--35,review__stars__number__reviews",City in Oklahoma,B
Suburban,31%,17%,19%,Louisville,B+,C,A,B,12%,"$143,100",$748,"$46,881",A-,427 reviews,A-,"611,573",B-,"review__stars__icon review__stars__icon--white--40,review__stars__number__reviews",City in Kentucky,B-
Suburban,24%,32%,15%,Madison,B-,C+,A-,B+,25%,"$217,000",$959,"$56,464",A,496 reviews,A,"246,034",A-,"review__stars__icon review__stars__icon--white--40,review__stars__number__reviews",City in Wisconsin,C
Suburban,32%,20%,22%,Arlington,B,C+,A+,A-,9%,"$137,900",$896,"$53,574",A-,641 reviews,B-,"383,899",B,"review__stars__icon review__stars__icon--white--40,review__stars__number__reviews",City in Texas,B+
Urban,29%,22%,17%,Metairie,B,NG,A,B,12%,"$219,300",$887,"$54,176",A-,167 reviews,B-,"144,772",B,"review__stars__icon review__stars__icon--white--35,review__stars__number__reviews",City in Louisiana,B
Suburban,32%,13%,19%,Evansville,A-,C,B+,B-,7%,"$89,600",$712,"$36,330",A-,285 reviews,B+,"120,156",B,"review__stars__icon review__stars__icon--white--35,review__stars__number__reviews",City in Indiana,B-
Suburban,32%,12%,19%,Warren,B+,C+,A-,B,5%,"$93,400",$864,"$44,017",B+,271 reviews,A-,"135,069",B-,"review__stars__icon review__stars__icon--white--35,review__stars__number__reviews",City in Michigan,B-
Suburban,24%,19%,22%,Houston,B,C-,A+,B+,12%,"$140,300",$898,"$47,010",A-,"2,209 reviews",A-,"2,240,582",A-,"review__stars__icon review__stars__icon--white--40,review__stars__number__reviews",City in Texas,B+
Suburban,28%,28%,21%,Charlotte,B,C,A+,B+,14%,"$178,000",$966,"$55,599",A-,479 reviews,A-,"808,834",B,"review__stars__icon review__stars__icon--white--45,review__stars__number__reviews",City in North Carolina,B+
Suburban,30%,26%,19%,Murfreesboro,B,C,A-,A-,12%,"$186,200",$925,"$53,241",A-,349 reviews,B,"122,007",B,"review__stars__icon review__stars__icon--white--40,review__stars__number__reviews",City in Tennessee,B-
Suburban,28%,19%,21%,Indianapolis,B+,C-,A,B-,10%,"$120,400",$811,"$43,101",A-,"1,929 reviews",A-,"846,674",B,"review__stars__icon review__stars__icon--white--35,review__stars__number__reviews",City in Indiana,B-
Suburban,33%,15%,17%,Cape Coral,B,B-,A-,B,7%,"$173,400","$1,095","$52,000",B+,416 reviews,A,"170,063",B+,"review__stars__icon review__stars__icon--white--35,review__stars__number__reviews",City in Florida,A
Suburban,33%,19%,22%,Aurora,C+,C+,A+,B,9%,"$206,300","$1,092","$55,303",A-,302 reviews,A,"351,131",A,"review__stars__icon review__stars__icon--white--40,review__stars__number__reviews",City in Colorado,B+
Suburban,32%,19%,22%,Wichita,A-,C,A,B,10%,"$120,800",$736,"$46,775",A-,626 reviews,A-,"388,033",C+,"review__stars__icon review__stars__icon--white--35,review__stars__number__reviews",City in Kansas,B+
Suburban,30%,16%,21%,San Antonio,B+,C,A,B+,9%,"$121,100",$882,"$48,183",A-,"2,278 reviews",B-,"1,439,358",B+,"review__stars__icon review__stars__icon--white--40,review__stars__number__reviews",City in Texas,A-
Suburban,36%,17%,20%,Mesa,B-,C+,A,B,9%,"$168,500",$907,"$50,615",A-,"1,121 reviews",A-,"470,456",A-,"review__stars__icon review__stars__icon--white--35,review__stars__number__reviews",City in Arizona,A+
Suburban,32%,18%,20%,Lubbock,B+,C,A,B+,11%,"$118,300",$854,"$45,499",A-,577 reviews,C+,"244,507",B+,"review__stars__icon review__stars__icon--white--35,review__stars__number__reviews",City in Texas,A
Suburban,30%,21%,20%,Kansas City,B+,C-,A,B+,12%,"$135,900",$826,"$47,489",A-,254 reviews,A-,"471,767",B+,"review__stars__icon review__stars__icon--white--40,review__stars__number__reviews",City in Missouri,B
Suburban,24%,21%,13%,Pittsburgh,B,C,A,B,19%,"$100,800",$844,"$42,450",A,321 reviews,A-,"305,305",B-,"review__stars__icon review__stars__icon--white--45,review__stars__number__reviews",City in Pennsylvania,C
Suburban,24%,29%,16%,Columbia,B,C+,A-,A-,26%,"$178,600",$803,"$45,221",A-,315 reviews,A-,"117,165",A-,"review__stars__icon review__stars__icon--white--35,review__stars__number__reviews",City in Missouri,B-
Suburban,25%,21%,23%,Irving,B,C+,A+,B+,14%,"$147,500",$953,"$54,868",A-,535 reviews,C+,"232,013",B+,"review__stars__icon review__stars__icon--white--35,review__stars__number__reviews",City in Texas,B+
Suburban,35%,27%,17%,Fargo,B+,C+,B,A-,12%,"$178,300",$727,"$48,060",A,75 reviews,B+,"115,950",B+,"review__stars__icon review__stars__icon--white--45,review__stars__number__reviews",City in North Dakota,C
Suburban,34%,26%,19%,Boise,B-,B-,B+,B+,14%,"$191,000",$834,"$52,249",B+,255 reviews,A,"218,677",B+,"review__stars__icon review__stars__icon--white--45,review__stars__number__reviews",City in Idaho,B+
Suburban,33%,14%,21%,Corpus Christi,B+,C,A,B+,7%,"$118,900",$920,"$52,154",B+,721 reviews,C-,"320,050",A-,"review__stars__icon review__stars__icon--white--35,review__stars__number__reviews",City in Texas,A-
Suburban,33%,19%,23%,Midland,B,C+,A,A+,8%,"$182,300","$1,143","$71,500",B+,180 reviews,B,"128,051",C,"review__stars__icon review__stars__icon--white--35,review__stars__number__reviews",City in Texas,A
Suburban,26%,20%,24%,McAllen,B+,B-,B,B+,8%,"$117,500",$739,"$45,568",B+,343 reviews,C-,"138,475",B,"review__stars__icon review__stars__icon--white--35,review__stars__number__reviews",City in Texas,A
Suburban,30%,23%,21%,Omaha,B+,C,A,B,12%,"$139,800",$819,"$50,827",A-,866 reviews,A,"443,072",A-,"review__stars__icon review__stars__icon--white--35,review__stars__number__reviews",City in Nebraska,B
Suburban,31%,19%,22%,Oklahoma City,B+,C,A+,B+,10%,"$142,700",$793,"$50,070",A-,996 reviews,C+,"620,015",B+,"review__stars__icon review__stars__icon--white--35,review__stars__number__reviews",City in Oklahoma,A-
Suburban,36%,15%,23%,Amarillo,B+,C,A,B+,7%,"$120,500",$781,"$49,684",A-,323 reviews,C,"197,570",B+,"review__stars__icon review__stars__icon--white--35,review__stars__number__reviews",City in Texas,A
Suburban,36%,12%,18%,Palm Bay,B+,C+,A,B-,6%,"$110,000",$949,"$43,765",B+,299 reviews,A-,"106,573",A,"review__stars__icon review__stars__icon--white--35,review__stars__number__reviews",City in Florida,A
Suburban,16%,29%,11%,Ann Arbor,B-,B,A,B+,44%,"$250,200","$1,114","$57,697",A,312 reviews,A,"118,087",A+,"review__stars__icon review__stars__icon--white--40,review__stars__number__reviews",City in Michigan,C
Suburban,29%,22%,19%,Springfield,A-,C,A-,B,14%,"$123,700",$742,"$50,191",A-,168 reviews,C+,"116,745",B,"review__stars__icon review__stars__icon--white--35,review__stars__number__reviews",City in Illinois,B
Suburban,34%,24%,19%,Lincoln,B+,C+,B+,B+,13%,"$150,200",$750,"$51,126",A-,546 reviews,A-,"273,018",A-,"review__stars__icon review__stars__icon--white--40,review__stars__number__reviews",City in Nebraska,B
Suburban,33%,18%,22%,Fort Wayne,A,C+,A,B,9%,"$103,100",$681,"$44,449",A-,554 reviews,C+,"260,954",B-,"review__stars__icon review__stars__icon--white--35,review__stars__number__reviews",City in Indiana,B-
Suburban,32%,23%,21%,Sioux Falls,B+,C+,B+,A-,10%,"$161,500",$749,"$54,110",A-,350 reviews,A-,"167,884",B+,"review__stars__icon review__stars__icon--white--40,review__stars__number__reviews",City in South Dakota,B-
Suburban,29%,26%,18%,Huntsville,B+,C,A,B,16%,"$168,900",$750,"$51,441",A-,514 reviews,A-,"188,973",A-,"review__stars__icon review__stars__icon--white--40,review__stars__number__reviews",City in Alabama,B
Suburban,35%,22%,19%,Cedar Rapids,A-,C+,B,B+,10%,"$136,700",$711,"$55,359",A-,286 reviews,C+,"129,537",B+,"review__stars__icon review__stars__icon--white--35,review__stars__number__reviews",City in Iowa,B-
Suburban,20%,32%,19%,Columbia,C+,NG,A+,A-,32%,"$364,900","$1,604","$102,899",A-,232 reviews,A,"103,439",A+,"review__stars__icon review__stars__icon--white--40,review__stars__number__reviews",City in Maryland,B-
Suburban,34%,26%,24%,Round Rock,B,B,A+,A,12%,"$192,500","$1,104","$74,087",A-,217 reviews,A-,"112,767",A+,"review__stars__icon review__stars__icon--white--40,review__stars__number__reviews",City in Texas,A-
Suburban,25%,33%,19%,Richardson,B,B-,A+,A-,20%,"$209,500","$1,180","$74,877",A-,173 reviews,A-,"108,350",A,"review__stars__icon review__stars__icon--white--40,review__stars__number__reviews",City in Texas,B+
Suburban,20%,36%,21%,Naperville,C+,B+,A,A-,30%,"$388,400","$1,360","$110,676",B+,451 reviews,A,"145,789",A+,"review__stars__icon review__stars__icon--white--40,review__stars__number__reviews",City in Illinois,C+
Suburban,24%,38%,23%,The Woodlands,B-,NG,A-,A+,24%,"$329,800","$1,423","$109,605",B,276 reviews,A-,"108,373",A+,"review__stars__icon review__stars__icon--white--45,review__stars__number__reviews",City in Texas,B+
Suburban,31%,25%,21%,Rochester,A-,B-,A-,A,19%,"$167,800",$847,"$65,195",A-,152 reviews,A,"111,396",A-,"review__stars__icon review__stars__icon--white--40,review__stars__number__reviews",City in Minnesota,C+
Suburban,26%,36%,19%,Overland Park,B,B-,B+,A,22%,"$237,100","$1,040","$74,789",A-,294 reviews,B+,"183,775",A+,"review__stars__icon review__stars__icon--white--40,review__stars__number__reviews",City in Kansas,B
